{"stft": {"0": 0.6499401926994324, "1": 0.6776818037033081, "2": 0.6340596079826355, "3": 0.6140554547309875, "4": 0.5838848948478699, "5": 0.553293764591217, "6": 0.5334307551383972, "7": 0.5219550728797913, "8": 0.5263827443122864, "9": 0.56553715467453, "10": 0.6047990918159485, "11": 0.38539236783981323, "12": 0.5225585699081421}, "mel": {"0": 0.8165861368179321, "1": 0.825968861579895, "2": 0.7887805104255676, "3": 0.7620869278907776, "4": 0.7296837568283081, "5": 0.6953705549240112, "6": 0.6742521524429321, "7": 0.664200484752655, "8": 0.6720535159111023, "9": 0.7172163724899292, "10": 0.7466530203819275, "11": 0.47405537962913513, "12": 0.6422870755195618}, "mfcc": {"0": 0.7020072340965271, "1": 0.7159866094589233, "2": 0.6553671360015869, "3": 0.5761910080909729, "4": 0.5062693357467651, "5": 0.44013407826423645, "6": 0.4014798700809479, "7": 0.3796486556529999, "8": 0.39616885781288147, "9": 0.4871097207069397, "10": 0.540952742099762, "11": 0.21326960623264313, "12": 0.42320001125335693}}