{"stft": {"0": 0.7580390572547913, "1": 0.7639840245246887, "2": 0.7603043913841248, "3": 0.7413522601127625, "4": 0.7224294543266296, "5": 0.7095710039138794, "6": 0.6890721917152405, "7": 0.6767997145652771, "8": 0.6623765826225281, "9": 0.6441152095794678, "10": 0.6195260286331177, "11": 0.5990942120552063, "12": 0.5743474960327148}, "mel": {"0": 0.8950978517532349, "1": 0.8931154012680054, "2": 0.8862527012825012, "3": 0.8694952726364136, "4": 0.8532745242118835, "5": 0.8435674905776978, "6": 0.8258862495422363, "7": 0.8141124844551086, "8": 0.8006124496459961, "9": 0.7804874181747437, "10": 0.7584120631217957, "11": 0.7360163927078247, "12": 0.7104937434196472}, "mfcc": {"0": 0.8679875135421753, "1": 0.8681634664535522, "2": 0.8573653697967529, "3": 0.8256451487541199, "4": 0.8000341653823853, "5": 0.7692612409591675, "6": 0.7415053844451904, "7": 0.7090800404548645, "8": 0.6604888439178467, "9": 0.6089317202568054, "10": 0.5626209378242493, "11": 0.5194079875946045, "12": 0.4673355519771576}}