{"stft": {"0": 0.33587709069252014, "1": 0.3513875901699066, "2": 0.3586105704307556, "3": 0.3629823625087738, "4": 0.3648676872253418, "5": 0.3659835755825043, "6": 0.3670761287212372, "7": 0.36682242155075073, "8": 0.36952295899391174, "9": 0.3702412247657776, "10": 0.3703167140483856, "11": 0.3737965524196625, "12": 0.37256771326065063}, "mel": {"0": 0.46049994230270386, "1": 0.47125929594039917, "2": 0.4787786602973938, "3": 0.4838758111000061, "4": 0.4853751063346863, "5": 0.4870637059211731, "6": 0.4884219169616699, "7": 0.4865795969963074, "8": 0.4891901910305023, "9": 0.4900014400482178, "10": 0.4903086721897125, "11": 0.4933416247367859, "12": 0.4904472827911377}, "mfcc": {"0": 0.04761781916022301, "1": 0.05870227515697479, "2": 0.062444526702165604, "3": 0.06790319085121155, "4": 0.07780682295560837, "5": 0.08023040741682053, "6": 0.08680684864521027, "7": 0.09189992398023605, "8": 0.09889734536409378, "9": 0.10010060667991638, "10": 0.10546933859586716, "11": 0.10905854403972626, "12": 0.10976462066173553}}