{"speaker_id": {"0": 0.3046411225040475, "1": 0.3915422438088385, "2": 0.44493913773460453, "3": 0.4850692570606224, "4": 0.514106254122444, "5": 0.5480002398512922, "6": 0.5761827666846555, "7": 0.5989986208550698, "8": 0.6241680158301853, "9": 0.6388589074773641, "10": 0.6601756910715356, "11": 0.6760508484739461, "12": 0.6968729387779576}, "mfcc": {"0": 0.14104467630386353, "1": 0.15004822611808777, "2": 0.15766246616840363, "3": 0.1621241420507431, "4": 0.16523100435733795, "5": 0.17138983309268951, "6": 0.17283588647842407, "7": 0.17215093970298767, "8": 0.1674378514289856, "9": 0.1671300083398819, "10": 0.16350387036800385, "11": 0.16015951335430145, "12": 0.16000400483608246}, "stft": {"0": 0.3562084138393402, "1": 0.3525737226009369, "2": 0.3507177233695984, "3": 0.3516308069229126, "4": 0.3485359251499176, "5": 0.3466714322566986, "6": 0.3448064923286438, "7": 0.3462457060813904, "8": 0.33885055780410767, "9": 0.33443185687065125, "10": 0.33349549770355225, "11": 0.33326369524002075, "12": 0.3319344222545624}, "mel": {"0": 0.4560655653476715, "1": 0.45772093534469604, "2": 0.4598517417907715, "3": 0.46287021040916443, "4": 0.46196994185447693, "5": 0.4617583155632019, "6": 0.45859789848327637, "7": 0.4595751166343689, "8": 0.4537677764892578, "9": 0.45178723335266113, "10": 0.4512663781642914, "11": 0.4507848620414734, "12": 0.4509466290473938}}