{"stft": {"0": 0.6883386969566345, "1": 0.6998854875564575, "2": 0.6798585057258606, "3": 0.6411682367324829, "4": 0.6212393641471863, "5": 0.5800275206565857, "6": 0.5471264123916626, "7": 0.5100312829017639, "8": 0.5070816874504089, "9": 0.5068190693855286, "10": 0.5303136706352234, "11": 0.5619543194770813, "12": 0.586147665977478}, "mel": {"0": 0.8406675457954407, "1": 0.8452818989753723, "2": 0.8234416842460632, "3": 0.7877902388572693, "4": 0.7634056210517883, "5": 0.7199181318283081, "6": 0.6834275126457214, "7": 0.6502162218093872, "8": 0.6540082693099976, "9": 0.6497966647148132, "10": 0.6772876977920532, "11": 0.7015301585197449, "12": 0.7282674312591553}, "mfcc": {"0": 0.7771971821784973, "1": 0.7736234068870544, "2": 0.7302466630935669, "3": 0.6680834889411926, "4": 0.6163588762283325, "5": 0.5335339903831482, "6": 0.4582185745239258, "7": 0.4031639099121094, "8": 0.39037230610847473, "9": 0.39729827642440796, "10": 0.4437575042247772, "11": 0.4870772659778595, "12": 0.5354098677635193}}