{"speaker_id": {"0": 0.9334712478263477, "1": 0.9837051028362416, "2": 0.9935539965221563, "3": 0.9754152425496192, "4": 0.9593002338550098, "5": 0.9021556634886371, "6": 0.8459704982910595, "7": 0.7692480661989567, "8": 0.7312616177969659, "9": 0.7548869700785513, "10": 0.7928434370690172, "11": 0.7955267734004917, "12": 0.9764046291299394}, "mfcc": {"0": 0.7789259552955627, "1": 0.6971518397331238, "2": 0.6418969035148621, "3": 0.5748130679130554, "4": 0.5260898470878601, "5": 0.4633925259113312, "6": 0.4158402979373932, "7": 0.3864852488040924, "8": 0.3654122054576874, "9": 0.3758702278137207, "10": 0.3963238298892975, "11": 0.43973541259765625, "12": 0.4486697018146515}, "stft": {"0": 0.6803346872329712, "1": 0.6480789184570312, "2": 0.6289128661155701, "3": 0.6350149512290955, "4": 0.6056289672851562, "5": 0.5788606405258179, "6": 0.5715972185134888, "7": 0.5594520568847656, "8": 0.5489224195480347, "9": 0.548046886920929, "10": 0.5526549816131592, "11": 0.5693535208702087, "12": 0.5748887062072754}, "mel": {"0": 0.8088293075561523, "1": 0.7732005715370178, "2": 0.7470571398735046, "3": 0.7360132932662964, "4": 0.6942777633666992, "5": 0.6607002019882202, "6": 0.6469107866287231, "7": 0.6336780786514282, "8": 0.6212514042854309, "9": 0.6239322423934937, "10": 0.6313778758049011, "11": 0.6502371430397034, "12": 0.6563573479652405}}