{"stft": {"0": 0.5876699090003967, "1": 0.5843510627746582, "2": 0.5643550157546997, "3": 0.5236750245094299, "4": 0.5105860233306885, "5": 0.5062525272369385, "6": 0.46996042132377625, "7": 0.4285002052783966, "8": 0.3940296173095703, "9": 0.37397879362106323, "10": 0.369290292263031, "11": 0.38294297456741333, "12": 0.34478458762168884}, "mel": {"0": 0.7794207334518433, "1": 0.7789268493652344, "2": 0.7666809558868408, "3": 0.7369605302810669, "4": 0.7202386856079102, "5": 0.7099833488464355, "6": 0.6764600872993469, "7": 0.6505841612815857, "8": 0.6205678582191467, "9": 0.6074453592300415, "10": 0.5953195691108704, "11": 0.6028639078140259, "12": 0.5927770137786865}, "mfcc": {"0": 0.7523197531700134, "1": 0.7370484471321106, "2": 0.7040892243385315, "3": 0.667180597782135, "4": 0.627280592918396, "5": 0.588552713394165, "6": 0.5494820475578308, "7": 0.5175464153289795, "8": 0.4953722357749939, "9": 0.4510149657726288, "10": 0.4666740596294403, "11": 0.46835586428642273, "12": 0.47111621499061584}}