{"stft": {"0": -0.23888708651065826, "1": -0.3125844895839691, "2": -0.339133083820343, "3": -0.37140142917633057, "4": -0.4107743799686432, "5": -0.418457567691803, "6": -0.4198686480522156, "7": -0.4201916754245758, "8": -0.45619112253189087, "9": -0.45398062467575073, "10": -0.48675537109375, "11": -0.4824047088623047, "12": -0.4833471477031708}, "mel": {"0": -1.0506535768508911, "1": -1.0485026836395264, "2": -1.0251014232635498, "3": -0.9931087493896484, "4": -0.9939489364624023, "5": -0.9738731384277344, "6": -0.9608011245727539, "7": -0.9537606239318848, "8": -0.9357715845108032, "9": -0.9213024973869324, "10": -0.886644721031189, "11": -0.8899319767951965, "12": -0.8883886337280273}, "mfcc": {"0": 0.03343476727604866, "1": 0.05282440036535263, "2": 0.059678737074136734, "3": 0.06697822362184525, "4": 0.07633547484874725, "5": 0.08272115886211395, "6": 0.08538853377103806, "7": 0.08786074817180634, "8": 0.0977700874209404, "9": 0.10743562877178192, "10": 0.11105791479349136, "11": 0.10778211057186127, "12": 0.11295661330223083}}