{"stft": {"0": 0.5620747804641724, "1": 0.5745930075645447, "2": 0.5510531067848206, "3": 0.5192434191703796, "4": 0.5164588093757629, "5": 0.4423360824584961, "6": 0.41258662939071655, "7": 0.3321239948272705, "8": 0.30460724234580994, "9": 0.32551586627960205, "10": 0.366906076669693, "11": 0.3604077398777008, "12": 0.3084472119808197}, "mel": {"0": 0.759907066822052, "1": 0.7682315707206726, "2": 0.7457963228225708, "3": 0.7222622036933899, "4": 0.7013187408447266, "5": 0.6535390019416809, "6": 0.6229296922683716, "7": 0.5603613257408142, "8": 0.510282576084137, "9": 0.5114033818244934, "10": 0.5554793477058411, "11": 0.5430750846862793, "12": 0.486849844455719}, "mfcc": {"0": 0.6926445364952087, "1": 0.6925710439682007, "2": 0.6528557538986206, "3": 0.6239436268806458, "4": 0.5423348546028137, "5": 0.5000803470611572, "6": 0.4080469310283661, "7": 0.312337726354599, "8": 0.25165224075317383, "9": 0.2962981164455414, "10": 0.36110666394233704, "11": 0.3358157277107239, "12": 0.29413893818855286}}