{"stft": {"0": 0.3052762448787689, "1": 0.32794249057769775, "2": 0.33828306198120117, "3": 0.3404655158519745, "4": 0.35129764676094055, "5": 0.3473335802555084, "6": 0.3490850329399109, "7": 0.3522254228591919, "8": 0.35967597365379333, "9": 0.35589203238487244, "10": 0.34625381231307983, "11": 0.34730085730552673, "12": 0.3409542441368103}, "mel": {"0": 0.4460541307926178, "1": 0.4776892066001892, "2": 0.49217167496681213, "3": 0.49710240960121155, "4": 0.5075992345809937, "5": 0.5072988271713257, "6": 0.5130969285964966, "7": 0.5170018076896667, "8": 0.5271084904670715, "9": 0.5250341296195984, "10": 0.5196728110313416, "11": 0.52312171459198, "12": 0.5204137563705444}, "mfcc": {"0": 0.24831432104110718, "1": 0.26130953431129456, "2": 0.2705150544643402, "3": 0.2783699333667755, "4": 0.28395456075668335, "5": 0.2910636067390442, "6": 0.29723963141441345, "7": 0.3005206882953644, "8": 0.30835533142089844, "9": 0.3119790852069855, "10": 0.31378433108329773, "11": 0.3147987723350525, "12": 0.31792494654655457}}