{"stft": {"0": -0.238911971449852, "1": -0.2911869287490845, "2": -0.29115933179855347, "3": -0.3027506172657013, "4": -0.29276904463768005, "5": -0.3060655891895294, "6": -0.3119194507598877, "7": -0.3130917549133301, "8": -0.3278231918811798, "9": -0.3498988449573517, "10": -0.34200355410575867, "11": -0.37125176191329956, "12": -0.38788917660713196}, "mel": {"0": -1.1780412197113037, "1": -1.135802984237671, "2": -1.1128286123275757, "3": -1.1310863494873047, "4": -1.1057970523834229, "5": -1.0777095556259155, "6": -1.0611591339111328, "7": -1.0566456317901611, "8": -1.044025182723999, "9": -1.0206332206726074, "10": -0.9860619306564331, "11": -0.9946587681770325, "12": -0.9755875468254089}, "mfcc": {"0": 0.03623197227716446, "1": 0.061987441033124924, "2": 0.07390977442264557, "3": 0.07645154744386673, "4": 0.08209507912397385, "5": 0.09129980951547623, "6": 0.09629599750041962, "7": 0.10076869279146194, "8": 0.11134035885334015, "9": 0.11737789213657379, "10": 0.12185276299715042, "11": 0.12725208699703217, "12": 0.1304592490196228}}