{"stft": {"0": 0.3397881090641022, "1": 0.34907716512680054, "2": 0.35552287101745605, "3": 0.36016330122947693, "4": 0.3633044362068176, "5": 0.36629417538642883, "6": 0.36651551723480225, "7": 0.3694154620170593, "8": 0.36727726459503174, "9": 0.37220272421836853, "10": 0.371178537607193, "11": 0.372101753950119, "12": 0.3705625534057617}, "mel": {"0": 0.46507444977760315, "1": 0.47244396805763245, "2": 0.4804472327232361, "3": 0.4849216341972351, "4": 0.4899020791053772, "5": 0.4937629699707031, "6": 0.4959757924079895, "7": 0.4988940358161926, "8": 0.49688634276390076, "9": 0.5008511543273926, "10": 0.5012319684028625, "11": 0.5022409558296204, "12": 0.5016949772834778}, "mfcc": {"0": 0.041788406670093536, "1": 0.0520457997918129, "2": 0.058988358825445175, "3": 0.06791213899850845, "4": 0.07516314089298248, "5": 0.08411506563425064, "6": 0.09080004692077637, "7": 0.09541555494070053, "8": 0.10284873098134995, "9": 0.11202698200941086, "10": 0.11441412568092346, "11": 0.12010310590267181, "12": 0.12549902498722076}}