{"mfcc": {"0": 0.14091475307941437, "1": 0.14801232516765594, "2": 0.15209561586380005, "3": 0.15005475282669067, "4": 0.1543474942445755, "5": 0.15516647696495056, "6": 0.15293818712234497, "7": 0.15434744954109192, "8": 0.1578475534915924, "9": 0.1580146849155426, "10": 0.15666243433952332, "11": 0.15759430825710297, "12": 0.15679606795310974}, "stft": {"0": 0.3628804683685303, "1": 0.357391357421875, "2": 0.35247281193733215, "3": 0.34723225235939026, "4": 0.3458099961280823, "5": 0.3437618017196655, "6": 0.3422950506210327, "7": 0.3364707827568054, "8": 0.33496469259262085, "9": 0.3290102183818817, "10": 0.3271026313304901, "11": 0.3287010192871094, "12": 0.32354736328125}, "mel": {"0": 0.46391552686691284, "1": 0.4641532003879547, "2": 0.46309027075767517, "3": 0.45772480964660645, "4": 0.45855075120925903, "5": 0.4584522843360901, "6": 0.4564818739891052, "7": 0.4515734612941742, "8": 0.45094746351242065, "9": 0.44672051072120667, "10": 0.4445458948612213, "11": 0.44586190581321716, "12": 0.4427465796470642}}