{"speaker_id": {"0": 0.9039545481801283, "1": 0.9696138394195599, "2": 0.973091683156443, "3": 0.9711428914073275, "4": 0.9630629010013791, "5": 0.8938508124962523, "6": 0.8629549679198897, "7": 0.8430623013731486, "8": 0.8368111770702165, "9": 0.9260958205912334, "10": 0.9682047130778917, "11": 0.9440247046830965, "12": 0.9986658271871439}, "mfcc": {"0": 0.7040088176727295, "1": 0.6475980281829834, "2": 0.5835915207862854, "3": 0.49613702297210693, "4": 0.45025381445884705, "5": 0.42590993642807007, "6": 0.41159793734550476, "7": 0.3930507004261017, "8": 0.39424413442611694, "9": 0.4232526421546936, "10": 0.45130494236946106, "11": 0.2158050239086151, "12": 0.3524725139141083}, "stft": {"0": 0.6777235269546509, "1": 0.6638216972351074, "2": 0.6314640045166016, "3": 0.627618670463562, "4": 0.6056399345397949, "5": 0.5785846710205078, "6": 0.5617511868476868, "7": 0.5572565793991089, "8": 0.5643817782402039, "9": 0.5829666256904602, "10": 0.5976556539535522, "11": 0.4165245592594147, "12": 0.47555211186408997}, "mel": {"0": 0.8039175271987915, "1": 0.792511522769928, "2": 0.7567312121391296, "3": 0.7325626611709595, "4": 0.6968231201171875, "5": 0.6719146370887756, "6": 0.6626395583152771, "7": 0.654468834400177, "8": 0.6581891775131226, "9": 0.681607723236084, "10": 0.7034425735473633, "11": 0.47933539748191833, "12": 0.5842581987380981}}