{"stft": {"0": 0.3067476153373718, "1": 0.3307553827762604, "2": 0.34127503633499146, "3": 0.34973934292793274, "4": 0.35738474130630493, "5": 0.35671868920326233, "6": 0.35341647267341614, "7": 0.3550339341163635, "8": 0.36276429891586304, "9": 0.35789889097213745, "10": 0.35486385226249695, "11": 0.3594355583190918, "12": 0.35272133350372314}, "mel": {"0": 0.44722217321395874, "1": 0.4788579046726227, "2": 0.49259549379348755, "3": 0.5032375454902649, "4": 0.513285219669342, "5": 0.5189547538757324, "6": 0.5179446935653687, "7": 0.5210131406784058, "8": 0.5297545194625854, "9": 0.524549126625061, "10": 0.5233685374259949, "11": 0.5304481983184814, "12": 0.5285727381706238}, "mfcc": {"0": 0.251552939414978, "1": 0.26398906111717224, "2": 0.2767707407474518, "3": 0.28567636013031006, "4": 0.29482781887054443, "5": 0.30355432629585266, "6": 0.3052142262458801, "7": 0.30889517068862915, "8": 0.31635576486587524, "9": 0.3107995390892029, "10": 0.31147682666778564, "11": 0.31792914867401123, "12": 0.3175505995750427}}