{"mfcc": {"0": 0.792007565498352, "1": 0.7123491764068604, "2": 0.620793879032135, "3": 0.5590164065361023, "4": 0.5060988068580627, "5": 0.45118004083633423, "6": 0.39825373888015747, "7": 0.3641594648361206, "8": 0.33330488204956055, "9": 0.32558462023735046, "10": 0.32467812299728394, "11": 0.35208860039711, "12": 0.3627431094646454}, "stft": {"0": 0.6891505122184753, "1": 0.6501098871231079, "2": 0.643246054649353, "3": 0.6357944011688232, "4": 0.6054806113243103, "5": 0.5951142907142639, "6": 0.5793815851211548, "7": 0.571468710899353, "8": 0.5486229062080383, "9": 0.5488385558128357, "10": 0.5449917316436768, "11": 0.5522172451019287, "12": 0.5544912219047546}, "mel": {"0": 0.8150623440742493, "1": 0.7745439410209656, "2": 0.7623251080513, "3": 0.7357543110847473, "4": 0.6952592134475708, "5": 0.6767751574516296, "6": 0.6587620973587036, "7": 0.6511632204055786, "8": 0.6287730932235718, "9": 0.6255931854248047, "10": 0.621020495891571, "11": 0.6328142881393433, "12": 0.6350768804550171}}