{"speaker_id": {"0": 0.31978173532409904, "1": 0.40429933441266414, "2": 0.4615188583078491, "3": 0.5049019607843137, "4": 0.5369970618216706, "5": 0.5716555735444024, "6": 0.5952809258259879, "7": 0.6250674581759309, "8": 0.6483330335192181, "9": 0.669904659111351, "10": 0.6939797325658092, "11": 0.7086856149187504, "12": 0.728953049109552}, "mfcc": {"0": 0.13011755049228668, "1": 0.13643135130405426, "2": 0.140655517578125, "3": 0.14655525982379913, "4": 0.1482783406972885, "5": 0.14621791243553162, "6": 0.14946742355823517, "7": 0.14899681508541107, "8": 0.15262798964977264, "9": 0.14752694964408875, "10": 0.1485113948583603, "11": 0.15389373898506165, "12": 0.15574267506599426}, "stft": {"0": 0.3550959527492523, "1": 0.3527294099330902, "2": 0.3510268032550812, "3": 0.3478523790836334, "4": 0.34353911876678467, "5": 0.34364578127861023, "6": 0.3431566655635834, "7": 0.3406054377555847, "8": 0.3372827172279358, "9": 0.3371639847755432, "10": 0.3375289738178253, "11": 0.3402005732059479, "12": 0.33419471979141235}, "mel": {"0": 0.45885521173477173, "1": 0.4606742858886719, "2": 0.46282655000686646, "3": 0.4634663462638855, "4": 0.46181973814964294, "5": 0.4614627957344055, "6": 0.46211379766464233, "7": 0.45997995138168335, "8": 0.46074193716049194, "9": 0.459921270608902, "10": 0.46235308051109314, "11": 0.4668042063713074, "12": 0.46284914016723633}}